-- phpMyAdmin SQL Dump
-- version 4.7.4
-- https://www.phpmyadmin.net/
--
-- Host: 127.0.0.1
-- Generation Time: Jan 04, 2018 at 06:43 PM
-- Server version: 10.1.28-MariaDB
-- PHP Version: 7.1.11

SET FOREIGN_KEY_CHECKS=0;
SET SQL_MODE = "NO_AUTO_VALUE_ON_ZERO";
SET AUTOCOMMIT = 0;
START TRANSACTION;
SET time_zone = "+00:00";


/*!40101 SET @OLD_CHARACTER_SET_CLIENT=@@CHARACTER_SET_CLIENT */;
/*!40101 SET @OLD_CHARACTER_SET_RESULTS=@@CHARACTER_SET_RESULTS */;
/*!40101 SET @OLD_COLLATION_CONNECTION=@@COLLATION_CONNECTION */;
/*!40101 SET NAMES utf8mb4 */;

--
-- Database: `dotcasting`
--
CREATE DATABASE IF NOT EXISTS `dotcasting` DEFAULT CHARACTER SET latin1 COLLATE latin1_swedish_ci;
USE `dotcasting`;

-- --------------------------------------------------------

--
-- Table structure for table `birthday`
--

CREATE TABLE IF NOT EXISTS `birthday` (
  `birthday_id` int(11) NOT NULL AUTO_INCREMENT,
  `user_id` int(11) NOT NULL,
  `date` date DEFAULT NULL,
  `category_id` int(11) DEFAULT NULL,
  PRIMARY KEY (`birthday_id`),
  KEY `FK_verjaardag_persoon` (`user_id`),
  KEY `FK_verjaardag_categorie` (`category_id`)
) ENGINE=InnoDB AUTO_INCREMENT=4 DEFAULT CHARSET=latin1;

--
-- Dumping data for table `birthday`
--

INSERT INTO `birthday` (`birthday_id`, `user_id`, `date`, `category_id`) VALUES
(3, 3, '2017-12-22', 1);

-- --------------------------------------------------------

--
-- Table structure for table `category`
--

CREATE TABLE IF NOT EXISTS `category` (
  `category_id` int(11) NOT NULL AUTO_INCREMENT,
  `name` varchar(45) NOT NULL,
  `background_color` varchar(45) NOT NULL,
  PRIMARY KEY (`category_id`)
) ENGINE=InnoDB AUTO_INCREMENT=6 DEFAULT CHARSET=latin1;

--
-- Dumping data for table `category`
--

INSERT INTO `category` (`category_id`, `name`, `background_color`) VALUES
(1, 'Verjaardag', '#AD1919'),
(2, 'Financieel', 'grey'),
(3, 'Administratie', 'green'),
(4, 'Wereldnieuws', '#259488'),
(5, 'Evenement', '#EE9A3B');

-- --------------------------------------------------------

--
-- Table structure for table `file`
--

CREATE TABLE IF NOT EXISTS `file` (
  `file_id` int(11) NOT NULL AUTO_INCREMENT,
  `location` varchar(255) NOT NULL,
  `type` varchar(45) NOT NULL COMMENT 'afbeelding, video',
  `muted` tinyint(4) DEFAULT NULL,
  PRIMARY KEY (`file_id`)
) ENGINE=InnoDB AUTO_INCREMENT=50 DEFAULT CHARSET=latin1;

--
-- Dumping data for table `file`
--

INSERT INTO `file` (`file_id`, `location`, `type`, `muted`) VALUES
(4, '/KBS/Project-KBS/bestanden/media/photo/bolcom.png', 'photo', NULL),
(11, '/KBS/Project-KBS/bestanden/media/video/test.mp4', 'video', 0),
(12, '/KBS/Project-KBS/bestanden/media/photo/dotsolutions.jpg', 'photo', NULL),
(17, '/KBS/Project-KBS/bestanden/media/photo/0588ERD(versie1).png', 'photo', NULL),
(19, '/KBS/Project-KBS/bestanden/media/photo/1390bob.jpg', 'photo', NULL),
(26, '/KBS/Project-KBS/bestanden/media/photo/3495bob.jpg', 'photo', NULL),
(27, '/KBS/Project-KBS/bestanden/media/photo/6460bob.jpg', 'photo', NULL),
(28, '/KBS/Project-KBS/bestanden/media/photo/6917test.jpg', 'photo', NULL),
(31, '/KBS/Project-KBS/bestanden/media/photo/7534test.jpg', 'photo', NULL),
(33, '/KBS/Project-KBS/bestanden/media/photo/4133bob.jpg', 'photo', NULL),
(36, '/KBS/Project-KBS/bestanden/media/photo/6158bolcom.png', 'photo', NULL),
(37, '/KBS/Project-KBS/bestanden/media/photo/3040dotsolutions.jpg', 'photo', NULL),
(38, '/KBS/Project-KBS/bestanden/media/photo/3484bg.png', 'photo', NULL),
(39, '/KBS/Project-KBS/bestanden/media/photo/2015jumbo.png', 'photo', NULL),
(40, '/KBS/Project-KBS/bestanden/media/photo/1082apple-krijgt-8-miljoen-dollar-compensatie-in-rechtszaak-monster.jpg', 'photo', NULL),
(41, '/KBS/Project-KBS/bestanden/media/photo/4299youtube-gaat-verticale-videos-correct-tonen-smartphones.jpg', 'photo', NULL),
(42, '/KBS/Project-KBS/bestanden/media/photo/5142google-topman-eric-schmidt-doet-stap-terug-moederbedrijf.jpg', 'photo', NULL),
(43, '/KBS/Project-KBS/bestanden/media/video/bolcomvid.mp4', 'video', 0),
(44, '/KBS/Project-KBS/bestanden/media/photo/6210kerstbg.jpg', 'photo', NULL),
(45, '/KBS/Project-KBS/bestanden/media/photo/4664apple-werkt-geavanceerdere-hartmonitor-apple-watch.jpg', 'photo', NULL),
(46, '/KBS/Project-KBS/bestanden/media/photo/0441instagram-laat-gebruikers-live-videos-delen-via-priveberichten.jpg', 'photo', NULL),
(47, '/KBS/Project-KBS/bestanden/media/photo/1142google-topman-eric-schmidt-doet-stap-terug-moederbedrijf.jpg', 'photo', NULL),
(48, '/KBS/Project-KBS/bestanden/media/photo/4456hackers-probeerden-790000-euro-stelen-van-russische-bank.jpg', 'photo', NULL),
(49, '/KBS/Project-KBS/bestanden/media/photo/5178bob.jpg', 'photo', NULL);

-- --------------------------------------------------------

--
-- Table structure for table `layout`
--

CREATE TABLE IF NOT EXISTS `layout` (
  `layout_id` int(11) NOT NULL AUTO_INCREMENT,
  `font` varchar(45) NOT NULL,
  `font_color` varchar(45) NOT NULL,
  `background_color` varchar(45) NOT NULL,
  `default_background` int(11) NOT NULL,
  `logo` int(11) NOT NULL,
  PRIMARY KEY (`layout_id`),
  KEY `FK_layout_file` (`default_background`),
  KEY `FK_layout_file_2` (`logo`)
) ENGINE=InnoDB AUTO_INCREMENT=3 DEFAULT CHARSET=latin1;

--
-- Dumping data for table `layout`
--

INSERT INTO `layout` (`layout_id`, `font`, `font_color`, `background_color`, `default_background`, `logo`) VALUES
(1, 'arial', '#FFFFFF', '#5d7b41', 37, 36),
(2, 'calibri', '#000000', '#809a74', 38, 39);

-- --------------------------------------------------------

--
-- Table structure for table `location`
--

CREATE TABLE IF NOT EXISTS `location` (
  `location_id` int(11) NOT NULL AUTO_INCREMENT,
  `layout_id` int(11) NOT NULL,
  `theme_id` int(11) DEFAULT NULL,
  `name` varchar(45) NOT NULL,
  `address` varchar(255) NOT NULL,
  `postal_code` varchar(45) NOT NULL,
  `main_number` varchar(45) NOT NULL,
  `intern_number` int(11) NOT NULL,
  PRIMARY KEY (`location_id`),
  KEY `FK_location_layout` (`layout_id`),
  KEY `FK_location_theme` (`theme_id`)
) ENGINE=InnoDB AUTO_INCREMENT=7 DEFAULT CHARSET=latin1;

--
-- Dumping data for table `location`
--

INSERT INTO `location` (`location_id`, `layout_id`, `theme_id`, `name`, `address`, `postal_code`, `main_number`, `intern_number`) VALUES
(1, 1, 2, 'Zwolle', '', '', '', 0),
(2, 1, 2, 'Nunspeet', '', '', '', 0),
(3, 1, 2, 'Nieuwleusen', '', '', '', 0),
(4, 1, 2, 'Den Haag', '', '', '', 0),
(5, 2, NULL, 'Amsterdam', '', '', '', 0),
(6, 1, 2, 'Hoogeveen', '', '', '', 0);

-- --------------------------------------------------------

--
-- Table structure for table `news_article`
--

CREATE TABLE IF NOT EXISTS `news_article` (
  `news_article_id` int(11) NOT NULL AUTO_INCREMENT,
  `title` varchar(255) NOT NULL,
  `category_id` int(11) NOT NULL,
  `file_id` int(11) DEFAULT NULL,
  `date` datetime NOT NULL DEFAULT CURRENT_TIMESTAMP ON UPDATE CURRENT_TIMESTAMP,
  `display_from` datetime NOT NULL,
  `display_till` datetime NOT NULL,
  `priority` int(11) NOT NULL DEFAULT '0',
  `description` longtext,
  PRIMARY KEY (`news_article_id`),
  KEY `FK_nieuwsbericht_categorie` (`category_id`),
  KEY `FK_nieuwsbericht_bestand` (`file_id`)
) ENGINE=InnoDB AUTO_INCREMENT=20 DEFAULT CHARSET=latin1;

--
-- Dumping data for table `news_article`
--

INSERT INTO `news_article` (`news_article_id`, `title`, `category_id`, `file_id`, `date`, `display_from`, `display_till`, `priority`, `description`) VALUES
(12, 'Apple krijgt 8 miljoen dollar compensatie in rechtszaak tegen Monster', 5, 40, '2017-12-22 11:43:22', '2017-12-14 00:00:00', '2017-12-29 00:00:00', 0, 'De Amerikaanse audiofabrikant Monster moet 7,9 miljoen dollar aan Apple betalen. De iPhone-maker krijgt de compensatie voor de rechtszaak tussen Beats en Monster uit 2015.\r\nDat heeft een jury in de zaak bepaald, aldus Law360.\r\n\r\nBeats kreeg in 2016 al gelijk van de rechter in de zaak tegen Monster. Het bedrijf startte daarna een nieuwe zaak om de kosten voor de rechtszaak te verhalen.'),
(13, 'YouTube gaat verticale video’s correct tonen op smartphones', 5, 41, '2017-12-22 11:44:22', '2017-12-09 00:00:00', '2017-12-30 00:00:00', 0, 'Videodienst YouTube speelt verticale video’s voortaan in volledig scherm af op smartphones, mits het toestel ook in portretmodus wordt vastgehouden.\r\nMet de update worden er niet langer zwarte balken rond verticale video’s getoond, aldus YouTube. Dat was lange tijd wel het geval, omdat de app enkel was geoptimaliseerd voor horizontale videoformaten.'),
(14, 'Bol.com heeft een nieuwe video geupload', 5, 43, '2017-12-22 11:49:10', '2017-12-15 00:00:00', '2017-12-30 00:00:00', 0, ''),
(15, 'Google-topman Eric Schmidt doet stap terug uit moederbedrijf', 5, 42, '2017-12-22 11:47:00', '2017-12-14 00:00:00', '2017-12-28 00:00:00', 0, 'Eric Schmidt verlaat in januari zijn positie als bestuursvoorzitter bij Google-moederbedrijf Alphabet.\r\nDat zegt Schmidt in een verklaring. Alphabet verwacht dat de raad van bestuur een nieuwe voorzitter zonder een managementpositie binnen het bedrijf zal selecteren.'),
(16, 'Apple werkt aan geavanceerdere hartmonitor voor Apple Watch', 4, 45, '2017-12-22 12:02:08', '2017-12-15 00:00:00', '2017-12-29 00:00:00', 0, 'Apple zou aan een geavanceerdere hartmonitor voor de toekomstige versies van zijn Apple Watch werken. Het gaat om een ECG-monitor, die kan helpen bij het ontdekken van hartritmestoornissen.'),
(17, 'Instagram laat gebruikers live video&#039;s delen via privéberichten', 5, 46, '2017-12-22 12:02:36', '2017-12-15 00:00:00', '2017-12-29 00:00:00', 1, 'Instagram laat gebruikers voortaan live video&#039;s delen met vrienden via privéberichten. \r\nDat heeft Instagram donderdag bekendgemaakt in een blogbericht.\r\n\r\nBinnen een live video staat nu een icoon voor privéberichten. Door daar op te klikken, kunnen gebruikers de video doorsturen naar een contact of naar een groep mensen. Dit kan zowel met live video&#039;s van de gebruiker zelf als met die van anderen.'),
(18, 'Google moet gebruiker meer duidelijkheid geven over bewaren zoekgegevens', 2, 47, '2017-12-22 12:03:05', '2017-12-08 00:00:00', '2017-12-30 00:00:00', 0, 'Google heeft ten onrechte de suggestie gewekt dat gebruikers de mogelijkheid hebben om het bewaren van zoekgegevens uit te schakelen. \r\nDat oordeel heeft het College van Beroep van de Reclame Code Commissie geveld in een zaak die was aangespannen door advocaat Otto Volgenant. Hij ergerde zich er naar eigen zeggen aan dat Google &#039;&#039;beloftes doet over privacy die ze vervolgens niet waarmaakt&#039;&#039;.'),
(19, 'Hackers probeerden 790.000 euro te stelen van Russische bank', 4, 48, '2017-12-22 12:03:31', '2017-12-15 00:00:00', '2017-12-30 00:00:00', 0, 'Hackers hebben vorige week geprobeerd 55 miljoen roebels (790.000 euro) te stelen van de Russische staatsbank Globex, via het banksysteem SWIFT.\r\nDat stellen ingewijden tegenover de Russische krant Kommersant, meldt Reuters donderdag. Het SWIFT-systeem wordt gebruikt voor internationale transacties tussen banken.');

-- --------------------------------------------------------

--
-- Table structure for table `news_article_has_location`
--

CREATE TABLE IF NOT EXISTS `news_article_has_location` (
  `news_article_id` int(11) NOT NULL,
  `location_id` int(11) NOT NULL,
  PRIMARY KEY (`news_article_id`,`location_id`),
  KEY `FK_location_id` (`location_id`) USING BTREE
) ENGINE=InnoDB DEFAULT CHARSET=latin1;

--
-- Dumping data for table `news_article_has_location`
--

INSERT INTO `news_article_has_location` (`news_article_id`, `location_id`) VALUES
(12, 1),
(13, 1),
(14, 1),
(15, 1),
(16, 5),
(17, 5),
(18, 5),
(19, 5);

-- --------------------------------------------------------

--
-- Table structure for table `right`
--

CREATE TABLE IF NOT EXISTS `right` (
  `right_id` int(11) NOT NULL AUTO_INCREMENT,
  `name` varchar(255) NOT NULL,
  `description` longtext,
  PRIMARY KEY (`right_id`)
) ENGINE=InnoDB AUTO_INCREMENT=13 DEFAULT CHARSET=latin1;

--
-- Dumping data for table `right`
--

INSERT INTO `right` (`right_id`, `name`, `description`) VALUES
(1, 'Aanmaken nieuwsbericht', 'Aanmaken van een nieuwsbericht'),
(2, 'Bewerken nieuwsbericht', 'Voor het bewerken van een nieuwsbericht'),
(3, 'Verwijderen nieuwsbericht', 'Voor het verwijderen van een nieuwsbericht'),
(4, 'Aanmaken locatie', 'Voor het aanmaken van een locatie'),
(5, 'Bewerken locatie', 'Voor het bewerken van een locatie'),
(6, 'Verwijderen locatie', 'Voor het verwijderen van een locatie'),
(7, 'Aanmaken thema', 'Voor het aanmaken van een thema'),
(8, 'Bewerken thema', 'Voor het bewerken van een thema'),
(9, 'Verwijderen thema', 'Voor het verwijderen van een thema'),
(10, 'Aanmaken opmaak', 'Voor het aanmaken van een opmaak'),
(11, 'Bewerken opmaak', 'Voor het bewerken van een opmaak'),
(12, 'Verwijderen opmaak', 'Voor het verwijderen van een opmaak');

-- --------------------------------------------------------

--
-- Table structure for table `theme`
--

CREATE TABLE IF NOT EXISTS `theme` (
  `theme_id` int(11) NOT NULL AUTO_INCREMENT,
  `name` varchar(45) NOT NULL,
  `background_file` int(11) NOT NULL,
  PRIMARY KEY (`theme_id`),
  KEY `FK__bestand` (`background_file`)
) ENGINE=InnoDB AUTO_INCREMENT=4 DEFAULT CHARSET=latin1;

--
-- Dumping data for table `theme`
--

INSERT INTO `theme` (`theme_id`, `name`, `background_file`) VALUES
(2, 'kerst', 44);

-- --------------------------------------------------------

--
-- Table structure for table `user`
--

CREATE TABLE IF NOT EXISTS `user` (
  `user_id` int(11) NOT NULL AUTO_INCREMENT,
  `first_name` varchar(255) NOT NULL,
  `insertion` varchar(255) DEFAULT NULL,
  `last_name` varchar(255) NOT NULL,
  `birthday` date NOT NULL,
  `email` varchar(255) NOT NULL,
  `password` varchar(255) NOT NULL,
  `admin` tinyint(1) NOT NULL DEFAULT '0',
  `location` int(11) NOT NULL,
  `file_id` int(11) DEFAULT NULL,
  PRIMARY KEY (`user_id`),
  KEY `FK_persoon_locaties` (`location`),
  KEY `FK_user_file` (`file_id`)
) ENGINE=InnoDB AUTO_INCREMENT=9 DEFAULT CHARSET=latin1 COMMENT='Alle informatie van de medewerkers maar ook admins';

--
-- Dumping data for table `user`
--

INSERT INTO `user` (`user_id`, `first_name`, `insertion`, `last_name`, `birthday`, `email`, `password`, `admin`, `location`, `file_id`) VALUES
(3, 'Bob', NULL, 'Hendrik', '1998-12-22', 'admin@dotcasting.nl', '$2y$10$2s6UHgHTRw29brfVBnyM5eZc8piAkjJk/wcnue3aEGoBAvgxNJmvi', 1, 1, 49),
(6, 'Jan', 'van der', 'Hans', '1978-10-10', 'medewerker@dotcasting.nl', '$2y$10$MTIvUZjhz2P0Vna4qbnpJ.ntAcDYT.Ocqh.v.hwMCK54KasnPt2dO', 0, 5, NULL);

-- --------------------------------------------------------

--
-- Table structure for table `user_has_right`
--

CREATE TABLE IF NOT EXISTS `user_has_right` (
  `user_id` int(11) NOT NULL,
  `right_id` int(11) NOT NULL,
  PRIMARY KEY (`user_id`,`right_id`),
  KEY `FK_persoon_has_recht_recht` (`right_id`)
) ENGINE=InnoDB DEFAULT CHARSET=latin1 COMMENT='tussentabel voor rechten en personen';

--
-- Dumping data for table `user_has_right`
--

INSERT INTO `user_has_right` (`user_id`, `right_id`) VALUES
(6, 1),
(6, 2),
(6, 3),
(6, 4),
(6, 5),
(6, 6),
(6, 7),
(6, 8),
(6, 9),
(6, 10),
(6, 11),
(6, 12);

--
-- Indexes for dumped tables
--

--
-- Indexes for table `category`
--
ALTER TABLE `category` ADD FULLTEXT KEY `name` (`name`);

--
-- Indexes for table `location`
--
ALTER TABLE `location` ADD FULLTEXT KEY `name` (`name`);

--
-- Indexes for table `news_article`
--
ALTER TABLE `news_article` ADD FULLTEXT KEY `title` (`title`);
ALTER TABLE `news_article` ADD FULLTEXT KEY `description` (`description`);

--
-- Indexes for table `right`
--
ALTER TABLE `right` ADD FULLTEXT KEY `name` (`name`);
ALTER TABLE `right` ADD FULLTEXT KEY `description` (`description`);

--
-- Indexes for table `theme`
--
ALTER TABLE `theme` ADD FULLTEXT KEY `name` (`name`);

--
-- Indexes for table `user`
--
ALTER TABLE `user` ADD FULLTEXT KEY `email` (`email`);
ALTER TABLE `user` ADD FULLTEXT KEY `first_name` (`first_name`);
ALTER TABLE `user` ADD FULLTEXT KEY `last_name` (`last_name`);
SET FOREIGN_KEY_CHECKS=1;
COMMIT;

/*!40101 SET CHARACTER_SET_CLIENT=@OLD_CHARACTER_SET_CLIENT */;
/*!40101 SET CHARACTER_SET_RESULTS=@OLD_CHARACTER_SET_RESULTS */;
/*!40101 SET COLLATION_CONNECTION=@OLD_COLLATION_CONNECTION */;
